"RecordID","PengalamanCoding","ToolFavorit","PaketID"
812869,"Menengah","Python","ADK3-0A7E8DD0"
671565,"Lanjut","Python","ADK3-0A7E8DD0"
584266,"Lanjut","R","ADK3-0A7E8DD0"
132251,"Pemula","R","ADK3-0A7E8DD0"
728031,"Lanjut","R","ADK3-0A7E8DD0"
489418,"Lanjut","Python","ADK3-0A7E8DD0"
604701,"Lanjut","SQL","ADK3-0A7E8DD0"
518090,"Pemula","Python","ADK3-0A7E8DD0"
146854,"Menengah","Python","ADK3-0A7E8DD0"
755785,"Pemula","SQL","ADK3-0A7E8DD0"
903527,"Lanjut","Python","ADK3-0A7E8DD0"
362351,"Menengah","Python","ADK3-0A7E8DD0"
679274,"Lanjut","Python","ADK3-0A7E8DD0"
142372,"Pemula","Python","ADK3-0A7E8DD0"
847003,"Pemula","Python","ADK3-0A7E8DD0"
262444,"Pemula","Python","ADK3-0A7E8DD0"
114922,"Pemula","Python","ADK3-0A7E8DD0"
406910,"Lanjut","SQL","ADK3-0A7E8DD0"
547404,"Lanjut","Python","ADK3-0A7E8DD0"
833598,"Menengah","R","ADK3-0A7E8DD0"
382902,"Pemula","Python","ADK3-0A7E8DD0"
620904,"Menengah","Python","ADK3-0A7E8DD0"
124540,"Pemula","R","ADK3-0A7E8DD0"
873483,"Menengah","Python","ADK3-0A7E8DD0"
709412,"Pemula","Python","ADK3-0A7E8DD0"
972176,"Menengah","R","ADK3-0A7E8DD0"
698353,"Menengah","Python","ADK3-0A7E8DD0"
346910,"Menengah","R","ADK3-0A7E8DD0"
897283,"Pemula","R","ADK3-0A7E8DD0"
444130,"Lanjut","R","ADK3-0A7E8DD0"
997003,"Pemula","SQL","ADK3-0A7E8DD0"
731805,"Pemula","R","ADK3-0A7E8DD0"
387586,"Menengah","Python","ADK3-0A7E8DD0"
811822,"Menengah","SQL","ADK3-0A7E8DD0"
136289,"Lanjut","R","ADK3-0A7E8DD0"
370633,"Lanjut","SQL","ADK3-0A7E8DD0"
895943,"Pemula","Python","ADK3-0A7E8DD0"
388252,"Menengah","Python","ADK3-0A7E8DD0"
898932,"Lanjut","R","ADK3-0A7E8DD0"
449347,"Pemula","SQL","ADK3-0A7E8DD0"
178919,"Menengah","Python","ADK3-0A7E8DD0"
820268,"Pemula","R","ADK3-0A7E8DD0"
471630,"Menengah","R","ADK3-0A7E8DD0"
816859,"Lanjut","Python","ADK3-0A7E8DD0"
130222,"Menengah","Python","ADK3-0A7E8DD0"
257333,"Pemula","Python","ADK3-0A7E8DD0"
727549,"Menengah","Python","ADK3-0A7E8DD0"
523497,"Menengah","Python","ADK3-0A7E8DD0"
457076,"Menengah","Python","ADK3-0A7E8DD0"
999406,"Lanjut","Python","ADK3-0A7E8DD0"
335194,"Menengah","R","ADK3-0A7E8DD0"
121391,"Pemula","R","ADK3-0A7E8DD0"
319970,"Pemula","R","ADK3-0A7E8DD0"
443753,"Menengah","Python","ADK3-0A7E8DD0"
989983,"Menengah","Python","ADK3-0A7E8DD0"
642287,"Lanjut","Python","ADK3-0A7E8DD0"
851943,"Pemula","Python","ADK3-0A7E8DD0"
669752,"Lanjut","Python","ADK3-0A7E8DD0"
440560,"Lanjut","Python","ADK3-0A7E8DD0"
445043,"Menengah","R","ADK3-0A7E8DD0"
157463,"Lanjut","Python","ADK3-0A7E8DD0"
149032,"Pemula","SQL","ADK3-0A7E8DD0"
538128,"Menengah","R","ADK3-0A7E8DD0"
224139,"Pemula","R","ADK3-0A7E8DD0"
612338,"Lanjut","Python","ADK3-0A7E8DD0"
695525,"Menengah","Python","ADK3-0A7E8DD0"
674024,"Lanjut","Python","ADK3-0A7E8DD0"
603022,"Menengah","Python","ADK3-0A7E8DD0"
882329,"Menengah","Python","ADK3-0A7E8DD0"
695440,"Pemula","SQL","ADK3-0A7E8DD0"
762710,"Pemula","SQL","ADK3-0A7E8DD0"
796136,"Pemula","Python","ADK3-0A7E8DD0"
851913,"Pemula","R","ADK3-0A7E8DD0"
145215,"Lanjut","Python","ADK3-0A7E8DD0"
169100,"Lanjut","Python","ADK3-0A7E8DD0"
787610,"Lanjut","Python","ADK3-0A7E8DD0"
498602,"Lanjut","Python","ADK3-0A7E8DD0"
714074,"Lanjut","Python","ADK3-0A7E8DD0"
477895,"Pemula","SQL","ADK3-0A7E8DD0"
133202,"Menengah","Python","ADK3-0A7E8DD0"
376530,"Lanjut","Python","ADK3-0A7E8DD0"
704420,"Menengah","R","ADK3-0A7E8DD0"
871721,"Menengah","SQL","ADK3-0A7E8DD0"
309074,"Pemula","Python","ADK3-0A7E8DD0"
702820,"Menengah","Python","ADK3-0A7E8DD0"
337916,"Menengah","SQL","ADK3-0A7E8DD0"
736381,"Lanjut","SQL","ADK3-0A7E8DD0"
494766,"Menengah","Python","ADK3-0A7E8DD0"
182024,"Menengah","Python","ADK3-0A7E8DD0"
993846,"Menengah","Python","ADK3-0A7E8DD0"
618125,"Pemula","Python","ADK3-0A7E8DD0"
140428,"Pemula","R","ADK3-0A7E8DD0"
289749,"Pemula","R","ADK3-0A7E8DD0"
651592,"Pemula","SQL","ADK3-0A7E8DD0"
939045,"Menengah","SQL","ADK3-0A7E8DD0"
553271,"Pemula","R","ADK3-0A7E8DD0"
543929,"Menengah","SQL","ADK3-0A7E8DD0"
238006,"Menengah","Python","ADK3-0A7E8DD0"
984807,"Menengah","R","ADK3-0A7E8DD0"
390535,"Menengah","R","ADK3-0A7E8DD0"
197513,"Lanjut","Python","ADK3-0A7E8DD0"
867145,"Lanjut","Python","ADK3-0A7E8DD0"
538242,"Menengah","SQL","ADK3-0A7E8DD0"
691281,"Menengah","Python","ADK3-0A7E8DD0"
260375,"Pemula","Python","ADK3-0A7E8DD0"
948868,"Lanjut","Python","ADK3-0A7E8DD0"
990601,"Pemula","Python","ADK3-0A7E8DD0"
498702,"Menengah","Python","ADK3-0A7E8DD0"
183889,"Pemula","R","ADK3-0A7E8DD0"
992943,"Pemula","SQL","ADK3-0A7E8DD0"
156577,"Pemula","R","ADK3-0A7E8DD0"
682093,"Pemula","SQL","ADK3-0A7E8DD0"
871714,"Menengah","Python","ADK3-0A7E8DD0"
996293,"Menengah","Python","ADK3-0A7E8DD0"
295387,"Lanjut","Python","ADK3-0A7E8DD0"
987213,"Pemula","R","ADK3-0A7E8DD0"
406229,"Menengah","Python","ADK3-0A7E8DD0"
196699,"Pemula","R","ADK3-0A7E8DD0"
837435,"Menengah","Python","ADK3-0A7E8DD0"
108981,"Menengah","R","ADK3-0A7E8DD0"
210847,"Menengah","R","ADK3-0A7E8DD0"
756861,"Pemula","Python","ADK3-0A7E8DD0"
102865,"Pemula","Python","ADK3-0A7E8DD0"
310453,"Lanjut","Python","ADK3-0A7E8DD0"
253936,"Pemula","Python","ADK3-0A7E8DD0"
168243,"Lanjut","SQL","ADK3-0A7E8DD0"
821985,"Pemula","R","ADK3-0A7E8DD0"
665308,"Pemula","SQL","ADK3-0A7E8DD0"
289047,"Menengah","Python","ADK3-0A7E8DD0"
129061,"Lanjut","Python","ADK3-0A7E8DD0"
761186,"Menengah","R","ADK3-0A7E8DD0"
731890,"Lanjut","Python","ADK3-0A7E8DD0"
267248,"Pemula","R","ADK3-0A7E8DD0"
345683,"Pemula","Python","ADK3-0A7E8DD0"
492853,"Lanjut","Python","ADK3-0A7E8DD0"
551883,"Lanjut","Python","ADK3-0A7E8DD0"
496214,"Lanjut","Python","ADK3-0A7E8DD0"
594824,"Lanjut","SQL","ADK3-0A7E8DD0"
790504,"Pemula","SQL","ADK3-0A7E8DD0"
859600,"Pemula","SQL","ADK3-0A7E8DD0"
587463,"Menengah","SQL","ADK3-0A7E8DD0"
671617,"Lanjut","SQL","ADK3-0A7E8DD0"
902393,"Menengah","SQL","ADK3-0A7E8DD0"
239979,"Pemula","Python","ADK3-0A7E8DD0"
385962,"Menengah","SQL","ADK3-0A7E8DD0"
861364,"Pemula","R","ADK3-0A7E8DD0"
650854,"Menengah","Python","ADK3-0A7E8DD0"
762095,"Menengah","R","ADK3-0A7E8DD0"
811838,"Menengah","SQL","ADK3-0A7E8DD0"
539514,"Menengah","R","ADK3-0A7E8DD0"
945572,"Pemula","R","ADK3-0A7E8DD0"
625180,"Lanjut","Python","ADK3-0A7E8DD0"
